{"stats":{"minecraft:mined":{"minecraft:grass":8,"minecraft:grass_block":1,"minecraft:vine":1,"minecraft:sugar_cane":1},"minecraft:custom":{"minecraft:time_since_rest":1027,"minecraft:crouch_one_cm":58,"minecraft:play_time":7821,"minecraft:sprint_one_cm":15868,"minecraft:walk_one_cm":14364,"minecraft:damage_taken":530,"minecraft:deaths":2,"minecraft:sneak_time":7,"minecraft:jump":108,"minecraft:damage_dealt":214,"minecraft:leave_game":1,"minecraft:time_since_death":1001,"minecraft:walk_on_water_one_cm":302,"minecraft:total_world_time":7821,"minecraft:climb_one_cm":1972,"minecraft:fall_one_cm":1822,"minecraft:fly_one_cm":13616},"minecraft:used":{"minecraft:dirt":1},"minecraft:killed_by":{"minecraft:skeleton":1,"minecraft:spider":1},"minecraft:picked_up":{"minecraft:wheat_seeds":2,"minecraft:sugar_cane":2,"minecraft:dirt":1}},"DataVersion":3465}