{"stats":{"minecraft:custom":{"minecraft:time_since_rest":2481,"minecraft:play_time":2481,"minecraft:sprint_one_cm":2073,"minecraft:walk_one_cm":7114,"minecraft:mob_kills":2,"minecraft:jump":36,"minecraft:damage_dealt":170,"minecraft:leave_game":3,"minecraft:time_since_death":2481,"minecraft:walk_on_water_one_cm":304,"minecraft:total_world_time":2481,"minecraft:fall_one_cm":836,"minecraft:fly_one_cm":3130},"minecraft:mined":{"minecraft:grass":3,"minecraft:grass_block":8,"minecraft:oak_log":2,"minecraft:dirt":1},"minecraft:used":{"minecraft:dirt":5},"minecraft:killed":{"minecraft:sheep":1,"minecraft:pig":1},"minecraft:picked_up":{"minecraft:porkchop":1,"minecraft:oak_log":2,"minecraft:mutton":1,"minecraft:dirt":9,"minecraft:white_wool":1}},"DataVersion":3465}